Type,Name,Request Count,Failure Count,Median Response Time,Average Response Time,Min Response Time,Max Response Time,Average Content Size,Requests/s,Failures/s,50%,66%,75%,80%,90%,95%,98%,99%,99.9%,99.99%,100%
GET,/,87,0,6,6.700933333324909,4.687599999670056,25.480900001639384,1524.0,0.7313970955370749,0.0,6,6,7,7,8,8,9,25,25,25,25
GET,/api/terms,226,0,6,6.505854424868686,4.30410000080883,12.351800000033109,433.0,1.8999510757629763,0.0,6,7,7,7,7,8,9,9,12,12,12
GET,/api/terms/1,58,0,7,7.0150844829123375,5.483099999764818,25.498099999822443,137.0,0.4875980636913833,0.0,7,7,7,7,8,9,9,25,25,25,25
GET,/api/terms/2,50,0,6,6.487557999971614,5.033299999922747,11.140900000100373,133.0,0.42034315835464076,0.0,6,6,7,7,7,7,11,11,11,11,11
GET,/api/terms/3,55,0,6,6.39171454541528,4.715999999461928,9.19409999914933,139.0,0.46237747419010483,0.0,6,6,7,7,8,8,9,9,9,9,9
,Aggregated,476,0,6,6.588448319380099,4.30410000080883,25.498099999822443,530.8550420168067,4.00166686753618,0.0,6,7,7,7,8,8,9,10,25,25,25
