Type,Name,Request Count,Failure Count,Median Response Time,Average Response Time,Min Response Time,Max Response Time,Average Content Size,Requests/s,Failures/s,50%,66%,75%,80%,90%,95%,98%,99%,99.9%,99.99%,100%
GET,/,3564,0,6,6.701661503912709,4.028199999083881,32.51089999866963,1524.0,3.9641759471117974,0.0,6,7,7,8,8,9,11,13,26,33,33
GET,/api/terms,10530,0,6,6.656725764504512,4.089399999429588,33.278500000960776,433.0,11.712338025557584,0.0,6,7,7,8,8,9,11,12,26,32,33
GET,/api/terms/1,2370,0,6,6.668957426182918,4.082299999936367,27.82139999908395,137.0,2.6361102678605386,0.0,6,7,7,8,8,9,11,13,27,28,28
GET,/api/terms/2,2376,0,6,6.667767382146475,4.100899999684771,26.832699999431497,133.0,2.642783964741198,0.0,6,7,7,8,8,9,11,13,26,27,27
GET,/api/terms/3,2383,0,6,6.628922492655385,4.064400000061141,32.14750000006461,139.0,2.650569944435301,0.0,6,7,7,8,8,9,11,12,22,32,32
,Aggregated,21223,0,6,6.663752089723826,4.028199999083881,33.278500000960776,516.560382603779,23.60597814970642,0.0,6,7,7,8,8,9,11,12,26,32,33
